,metric,threshold,config_idx,precision,recall,f1-score,algorithm,signal_idx,ex_time
0,sss,,0,0.48687350835322196,0.99836867862969,0.6545454545454545,BasePersistentPattern,0,0.30260491371154785
1,ss,,0,0.22410187872398474,0.5985294117647059,0.3163305232255925,BasePersistentPattern,0,0.30260491371154785
2,ses,0.0,0,0.8333333333333334,1.0,0.9090909090909091,BasePersistentPattern,0,0.30260491371154785
3,ses,0.01,0,0.8333333333333334,1.0,0.9090909090909091,BasePersistentPattern,0,0.30260491371154785
4,ses,0.02,0,0.8333333333333334,1.0,0.9090909090909091,BasePersistentPattern,0,0.30260491371154785
5,ses,0.03,0,0.8333333333333334,1.0,0.9090909090909091,BasePersistentPattern,0,0.30260491371154785
6,ses,0.04,0,0.8333333333333334,1.0,0.9090909090909091,BasePersistentPattern,0,0.30260491371154785
7,ses,0.05,0,0.8333333333333334,1.0,0.9090909090909091,BasePersistentPattern,0,0.30260491371154785
8,ses,0.06,0,0.8333333333333334,1.0,0.9090909090909091,BasePersistentPattern,0,0.30260491371154785
9,ses,0.07,0,0.8333333333333334,1.0,0.9090909090909091,BasePersistentPattern,0,0.30260491371154785
10,ses,0.08,0,0.8333333333333334,1.0,0.9090909090909091,BasePersistentPattern,0,0.30260491371154785
11,ses,0.09,0,0.8333333333333334,1.0,0.9090909090909091,BasePersistentPattern,0,0.30260491371154785
12,ses,0.1,0,0.8333333333333334,1.0,0.9090909090909091,BasePersistentPattern,0,0.30260491371154785
13,ses,0.11,0,0.8333333333333334,1.0,0.9090909090909091,BasePersistentPattern,0,0.30260491371154785
14,ses,0.12,0,0.8333333333333334,1.0,0.9090909090909091,BasePersistentPattern,0,0.30260491371154785
15,ses,0.13,0,0.8333333333333334,1.0,0.9090909090909091,BasePersistentPattern,0,0.30260491371154785
16,ses,0.14,0,0.8333333333333334,1.0,0.9090909090909091,BasePersistentPattern,0,0.30260491371154785
17,ses,0.15,0,0.8333333333333334,1.0,0.9090909090909091,BasePersistentPattern,0,0.30260491371154785
18,ses,0.16,0,0.8333333333333334,1.0,0.9090909090909091,BasePersistentPattern,0,0.30260491371154785
19,ses,0.17,0,0.8333333333333334,1.0,0.9090909090909091,BasePersistentPattern,0,0.30260491371154785
20,ses,0.18,0,0.8333333333333334,1.0,0.9090909090909091,BasePersistentPattern,0,0.30260491371154785
21,ses,0.19,0,0.8333333333333334,1.0,0.9090909090909091,BasePersistentPattern,0,0.30260491371154785
22,ses,0.2,0,0.8333333333333334,1.0,0.9090909090909091,BasePersistentPattern,0,0.30260491371154785
23,ses,0.21,0,0.8333333333333334,1.0,0.9090909090909091,BasePersistentPattern,0,0.30260491371154785
24,ses,0.22,0,0.8333333333333334,1.0,0.9090909090909091,BasePersistentPattern,0,0.30260491371154785
25,ses,0.23,0,0.8333333333333334,1.0,0.9090909090909091,BasePersistentPattern,0,0.30260491371154785
26,ses,0.24,0,0.8333333333333334,1.0,0.9090909090909091,BasePersistentPattern,0,0.30260491371154785
27,ses,0.25,0,0.8333333333333334,1.0,0.9090909090909091,BasePersistentPattern,0,0.30260491371154785
28,ses,0.26,0,0.8333333333333334,1.0,0.9090909090909091,BasePersistentPattern,0,0.30260491371154785
29,ses,0.27,0,0.8333333333333334,1.0,0.9090909090909091,BasePersistentPattern,0,0.30260491371154785
30,ses,0.28,0,0.8333333333333334,1.0,0.9090909090909091,BasePersistentPattern,0,0.30260491371154785
31,ses,0.29,0,0.8333333333333334,1.0,0.9090909090909091,BasePersistentPattern,0,0.30260491371154785
32,ses,0.3,0,0.8333333333333334,1.0,0.9090909090909091,BasePersistentPattern,0,0.30260491371154785
33,ses,0.31,0,0.8333333333333334,1.0,0.9090909090909091,BasePersistentPattern,0,0.30260491371154785
34,ses,0.32,0,0.8333333333333334,1.0,0.9090909090909091,BasePersistentPattern,0,0.30260491371154785
35,ses,0.33,0,0.8333333333333334,1.0,0.9090909090909091,BasePersistentPattern,0,0.30260491371154785
36,ses,0.34,0,0.8333333333333334,1.0,0.9090909090909091,BasePersistentPattern,0,0.30260491371154785
37,ses,0.35000000000000003,0,0.8333333333333334,1.0,0.9090909090909091,BasePersistentPattern,0,0.30260491371154785
38,ses,0.36,0,0.8333333333333334,1.0,0.9090909090909091,BasePersistentPattern,0,0.30260491371154785
39,ses,0.37,0,0.8333333333333334,1.0,0.9090909090909091,BasePersistentPattern,0,0.30260491371154785
40,ses,0.38,0,0.8333333333333334,1.0,0.9090909090909091,BasePersistentPattern,0,0.30260491371154785
41,ses,0.39,0,0.8333333333333334,1.0,0.9090909090909091,BasePersistentPattern,0,0.30260491371154785
42,ses,0.4,0,0.8333333333333334,1.0,0.9090909090909091,BasePersistentPattern,0,0.30260491371154785
43,ses,0.41000000000000003,0,0.8333333333333334,1.0,0.9090909090909091,BasePersistentPattern,0,0.30260491371154785
44,ses,0.42,0,0.8333333333333334,1.0,0.9090909090909091,BasePersistentPattern,0,0.30260491371154785
45,ses,0.43,0,0.6666666666666666,1.0,0.8,BasePersistentPattern,0,0.30260491371154785
46,ses,0.44,0,0.6666666666666666,1.0,0.8,BasePersistentPattern,0,0.30260491371154785
47,ses,0.45,0,0.6666666666666666,1.0,0.8,BasePersistentPattern,0,0.30260491371154785
48,ses,0.46,0,0.6666666666666666,1.0,0.8,BasePersistentPattern,0,0.30260491371154785
49,ses,0.47000000000000003,0,0.5,1.0,0.6666666666666666,BasePersistentPattern,0,0.30260491371154785
50,ses,0.48,0,0.3333333333333333,1.0,0.5,BasePersistentPattern,0,0.30260491371154785
51,ses,0.49,0,0.3333333333333333,1.0,0.5,BasePersistentPattern,0,0.30260491371154785
52,ses,0.5,0,0.3333333333333333,1.0,0.5,BasePersistentPattern,0,0.30260491371154785
53,ses,0.51,0,0.3333333333333333,1.0,0.5,BasePersistentPattern,0,0.30260491371154785
54,ses,0.52,0,0.3333333333333333,0.8,0.47058823529411764,BasePersistentPattern,0,0.30260491371154785
55,ses,0.53,0,0.3333333333333333,0.8,0.47058823529411764,BasePersistentPattern,0,0.30260491371154785
56,ses,0.54,0,0.16666666666666666,0.8,0.27586206896551724,BasePersistentPattern,0,0.30260491371154785
57,ses,0.55,0,0.16666666666666666,0.8,0.27586206896551724,BasePersistentPattern,0,0.30260491371154785
58,ses,0.56,0,0.16666666666666666,0.8,0.27586206896551724,BasePersistentPattern,0,0.30260491371154785
59,ses,0.5700000000000001,0,0.16666666666666666,0.8,0.27586206896551724,BasePersistentPattern,0,0.30260491371154785
60,ses,0.58,0,0.16666666666666666,0.8,0.27586206896551724,BasePersistentPattern,0,0.30260491371154785
61,ses,0.59,0,0.16666666666666666,0.8,0.27586206896551724,BasePersistentPattern,0,0.30260491371154785
62,ses,0.6,0,0.16666666666666666,0.8,0.27586206896551724,BasePersistentPattern,0,0.30260491371154785
63,ses,0.61,0,0.0,0.8,0.0,BasePersistentPattern,0,0.30260491371154785
64,ses,0.62,0,0.0,0.8,0.0,BasePersistentPattern,0,0.30260491371154785
65,ses,0.63,0,0.0,0.8,0.0,BasePersistentPattern,0,0.30260491371154785
66,ses,0.64,0,0.0,0.8,0.0,BasePersistentPattern,0,0.30260491371154785
67,ses,0.65,0,0.0,0.8,0.0,BasePersistentPattern,0,0.30260491371154785
68,ses,0.66,0,0.0,0.8,0.0,BasePersistentPattern,0,0.30260491371154785
69,ses,0.67,0,0.0,0.8,0.0,BasePersistentPattern,0,0.30260491371154785
70,ses,0.68,0,0.0,0.8,0.0,BasePersistentPattern,0,0.30260491371154785
71,ses,0.6900000000000001,0,0.0,0.8,0.0,BasePersistentPattern,0,0.30260491371154785
72,ses,0.7000000000000001,0,0.0,0.8,0.0,BasePersistentPattern,0,0.30260491371154785
73,ses,0.71,0,0.0,0.8,0.0,BasePersistentPattern,0,0.30260491371154785
74,ses,0.72,0,0.0,0.8,0.0,BasePersistentPattern,0,0.30260491371154785
75,ses,0.73,0,0.0,0.8,0.0,BasePersistentPattern,0,0.30260491371154785
76,ses,0.74,0,0.0,0.8,0.0,BasePersistentPattern,0,0.30260491371154785
77,ses,0.75,0,0.0,0.8,0.0,BasePersistentPattern,0,0.30260491371154785
78,ses,0.76,0,0.0,0.8,0.0,BasePersistentPattern,0,0.30260491371154785
79,ses,0.77,0,0.0,0.8,0.0,BasePersistentPattern,0,0.30260491371154785
80,ses,0.78,0,0.0,0.8,0.0,BasePersistentPattern,0,0.30260491371154785
81,ses,0.79,0,0.0,0.8,0.0,BasePersistentPattern,0,0.30260491371154785
82,ses,0.8,0,0.0,0.8,0.0,BasePersistentPattern,0,0.30260491371154785
83,ses,0.81,0,0.0,0.8,0.0,BasePersistentPattern,0,0.30260491371154785
84,ses,0.8200000000000001,0,0.0,0.8,0.0,BasePersistentPattern,0,0.30260491371154785
85,ses,0.8300000000000001,0,0.0,0.8,0.0,BasePersistentPattern,0,0.30260491371154785
86,ses,0.84,0,0.0,0.8,0.0,BasePersistentPattern,0,0.30260491371154785
87,ses,0.85,0,0.0,0.8,0.0,BasePersistentPattern,0,0.30260491371154785
88,ses,0.86,0,0.0,0.8,0.0,BasePersistentPattern,0,0.30260491371154785
89,ses,0.87,0,0.0,0.8,0.0,BasePersistentPattern,0,0.30260491371154785
90,ses,0.88,0,0.0,0.8,0.0,BasePersistentPattern,0,0.30260491371154785
91,ses,0.89,0,0.0,0.8,0.0,BasePersistentPattern,0,0.30260491371154785
92,ses,0.9,0,0.0,0.8,0.0,BasePersistentPattern,0,0.30260491371154785
93,ses,0.91,0,0.0,0.8,0.0,BasePersistentPattern,0,0.30260491371154785
94,ses,0.92,0,0.0,0.8,0.0,BasePersistentPattern,0,0.30260491371154785
95,ses,0.93,0,0.0,0.8,0.0,BasePersistentPattern,0,0.30260491371154785
96,ses,0.9400000000000001,0,0.0,0.8,0.0,BasePersistentPattern,0,0.30260491371154785
97,ses,0.9500000000000001,0,0.0,0.8,0.0,BasePersistentPattern,0,0.30260491371154785
98,ses,0.96,0,0.0,0.8,0.0,BasePersistentPattern,0,0.30260491371154785
99,ses,0.97,0,0.0,0.8,0.0,BasePersistentPattern,0,0.30260491371154785
100,ses,0.98,0,0.0,0.8,0.0,BasePersistentPattern,0,0.30260491371154785
101,ses,0.99,0,0.0,0.8,0.0,BasePersistentPattern,0,0.30260491371154785
102,ses,1.0,0,0.0,0.8,0.0,BasePersistentPattern,0,0.30260491371154785
103,ses_auc,,0,0.4174917491749173,0.9029702970297016,0.4735622446625998,BasePersistentPattern,0,0.30260491371154785
104,es,0.0,0,0.45,0.6,0.48,BasePersistentPattern,0,0.30260491371154785
105,es,0.01,0,0.45,0.6,0.48,BasePersistentPattern,0,0.30260491371154785
106,es,0.02,0,0.45,0.6,0.48,BasePersistentPattern,0,0.30260491371154785
107,es,0.03,0,0.45,0.6,0.48,BasePersistentPattern,0,0.30260491371154785
108,es,0.04,0,0.45,0.6,0.48,BasePersistentPattern,0,0.30260491371154785
109,es,0.05,0,0.45,0.6,0.48,BasePersistentPattern,0,0.30260491371154785
110,es,0.06,0,0.45,0.6,0.48,BasePersistentPattern,0,0.30260491371154785
111,es,0.07,0,0.45,0.6,0.48,BasePersistentPattern,0,0.30260491371154785
112,es,0.08,0,0.45,0.6,0.48,BasePersistentPattern,0,0.30260491371154785
113,es,0.09,0,0.45,0.6,0.48,BasePersistentPattern,0,0.30260491371154785
114,es,0.1,0,0.45,0.6,0.48,BasePersistentPattern,0,0.30260491371154785
115,es,0.11,0,0.45,0.6,0.48,BasePersistentPattern,0,0.30260491371154785
116,es,0.12,0,0.45,0.6,0.48,BasePersistentPattern,0,0.30260491371154785
117,es,0.13,0,0.45,0.6,0.48,BasePersistentPattern,0,0.30260491371154785
118,es,0.14,0,0.45,0.6,0.48,BasePersistentPattern,0,0.30260491371154785
119,es,0.15,0,0.45,0.6,0.48,BasePersistentPattern,0,0.30260491371154785
120,es,0.16,0,0.45,0.6,0.48,BasePersistentPattern,0,0.30260491371154785
121,es,0.17,0,0.45,0.6,0.48,BasePersistentPattern,0,0.30260491371154785
122,es,0.18,0,0.45,0.6,0.48,BasePersistentPattern,0,0.30260491371154785
123,es,0.19,0,0.45,0.6,0.48,BasePersistentPattern,0,0.30260491371154785
124,es,0.2,0,0.45,0.6,0.48,BasePersistentPattern,0,0.30260491371154785
125,es,0.21,0,0.45,0.6,0.48,BasePersistentPattern,0,0.30260491371154785
126,es,0.22,0,0.45,0.6,0.48,BasePersistentPattern,0,0.30260491371154785
127,es,0.23,0,0.45,0.6,0.48,BasePersistentPattern,0,0.30260491371154785
128,es,0.24,0,0.45,0.6,0.48,BasePersistentPattern,0,0.30260491371154785
129,es,0.25,0,0.45,0.6,0.48,BasePersistentPattern,0,0.30260491371154785
130,es,0.26,0,0.45,0.6,0.48,BasePersistentPattern,0,0.30260491371154785
131,es,0.27,0,0.45,0.6,0.48,BasePersistentPattern,0,0.30260491371154785
132,es,0.28,0,0.45,0.6,0.48,BasePersistentPattern,0,0.30260491371154785
133,es,0.29,0,0.45,0.6,0.48,BasePersistentPattern,0,0.30260491371154785
134,es,0.3,0,0.45,0.6,0.48,BasePersistentPattern,0,0.30260491371154785
135,es,0.31,0,0.45,0.6,0.48,BasePersistentPattern,0,0.30260491371154785
136,es,0.32,0,0.45,0.6,0.48,BasePersistentPattern,0,0.30260491371154785
137,es,0.33,0,0.45,0.6,0.48,BasePersistentPattern,0,0.30260491371154785
138,es,0.34,0,0.45,0.6,0.48,BasePersistentPattern,0,0.30260491371154785
139,es,0.35000000000000003,0,0.45,0.6,0.48,BasePersistentPattern,0,0.30260491371154785
140,es,0.36,0,0.45,0.6,0.48,BasePersistentPattern,0,0.30260491371154785
141,es,0.37,0,0.45,0.6,0.48,BasePersistentPattern,0,0.30260491371154785
142,es,0.38,0,0.45,0.6,0.48,BasePersistentPattern,0,0.30260491371154785
143,es,0.39,0,0.45,0.6,0.48,BasePersistentPattern,0,0.30260491371154785
144,es,0.4,0,0.45,0.6,0.48,BasePersistentPattern,0,0.30260491371154785
145,es,0.41000000000000003,0,0.45,0.6,0.48,BasePersistentPattern,0,0.30260491371154785
146,es,0.42,0,0.45,0.6,0.48,BasePersistentPattern,0,0.30260491371154785
147,es,0.43,0,0.45,0.6,0.48,BasePersistentPattern,0,0.30260491371154785
148,es,0.44,0,0.45,0.6,0.48,BasePersistentPattern,0,0.30260491371154785
149,es,0.45,0,0.45,0.6,0.48,BasePersistentPattern,0,0.30260491371154785
150,es,0.46,0,0.45,0.6,0.48,BasePersistentPattern,0,0.30260491371154785
151,es,0.47000000000000003,0,0.25,0.6,0.27999999999999997,BasePersistentPattern,0,0.30260491371154785
152,es,0.48,0,0.05,0.6,0.08,BasePersistentPattern,0,0.30260491371154785
153,es,0.49,0,0.05,0.6,0.08,BasePersistentPattern,0,0.30260491371154785
154,es,0.5,0,0.05,0.6,0.08,BasePersistentPattern,0,0.30260491371154785
155,es,0.51,0,0.05,0.6,0.08,BasePersistentPattern,0,0.30260491371154785
156,es,0.52,0,0.05,0.6,0.08,BasePersistentPattern,0,0.30260491371154785
157,es,0.53,0,0.05,0.6,0.08,BasePersistentPattern,0,0.30260491371154785
158,es,0.54,0,0.0,0.6,0.0,BasePersistentPattern,0,0.30260491371154785
159,es,0.55,0,0.0,0.6,0.0,BasePersistentPattern,0,0.30260491371154785
160,es,0.56,0,0.0,0.6,0.0,BasePersistentPattern,0,0.30260491371154785
161,es,0.5700000000000001,0,0.0,0.6,0.0,BasePersistentPattern,0,0.30260491371154785
162,es,0.58,0,0.0,0.6,0.0,BasePersistentPattern,0,0.30260491371154785
163,es,0.59,0,0.0,0.6,0.0,BasePersistentPattern,0,0.30260491371154785
164,es,0.6,0,0.0,0.6,0.0,BasePersistentPattern,0,0.30260491371154785
165,es,0.61,0,0.0,0.6,0.0,BasePersistentPattern,0,0.30260491371154785
166,es,0.62,0,0.0,0.6,0.0,BasePersistentPattern,0,0.30260491371154785
167,es,0.63,0,0.0,0.6,0.0,BasePersistentPattern,0,0.30260491371154785
168,es,0.64,0,0.0,0.6,0.0,BasePersistentPattern,0,0.30260491371154785
169,es,0.65,0,0.0,0.6,0.0,BasePersistentPattern,0,0.30260491371154785
170,es,0.66,0,0.0,0.6,0.0,BasePersistentPattern,0,0.30260491371154785
171,es,0.67,0,0.0,0.6,0.0,BasePersistentPattern,0,0.30260491371154785
172,es,0.68,0,0.0,0.6,0.0,BasePersistentPattern,0,0.30260491371154785
173,es,0.6900000000000001,0,0.0,0.6,0.0,BasePersistentPattern,0,0.30260491371154785
174,es,0.7000000000000001,0,0.0,0.6,0.0,BasePersistentPattern,0,0.30260491371154785
175,es,0.71,0,0.0,0.6,0.0,BasePersistentPattern,0,0.30260491371154785
176,es,0.72,0,0.0,0.6,0.0,BasePersistentPattern,0,0.30260491371154785
177,es,0.73,0,0.0,0.6,0.0,BasePersistentPattern,0,0.30260491371154785
178,es,0.74,0,0.0,0.6,0.0,BasePersistentPattern,0,0.30260491371154785
179,es,0.75,0,0.0,0.6,0.0,BasePersistentPattern,0,0.30260491371154785
180,es,0.76,0,0.0,0.6,0.0,BasePersistentPattern,0,0.30260491371154785
181,es,0.77,0,0.0,0.6,0.0,BasePersistentPattern,0,0.30260491371154785
182,es,0.78,0,0.0,0.6,0.0,BasePersistentPattern,0,0.30260491371154785
183,es,0.79,0,0.0,0.6,0.0,BasePersistentPattern,0,0.30260491371154785
184,es,0.8,0,0.0,0.6,0.0,BasePersistentPattern,0,0.30260491371154785
185,es,0.81,0,0.0,0.6,0.0,BasePersistentPattern,0,0.30260491371154785
186,es,0.8200000000000001,0,0.0,0.6,0.0,BasePersistentPattern,0,0.30260491371154785
187,es,0.8300000000000001,0,0.0,0.6,0.0,BasePersistentPattern,0,0.30260491371154785
188,es,0.84,0,0.0,0.6,0.0,BasePersistentPattern,0,0.30260491371154785
189,es,0.85,0,0.0,0.6,0.0,BasePersistentPattern,0,0.30260491371154785
190,es,0.86,0,0.0,0.6,0.0,BasePersistentPattern,0,0.30260491371154785
191,es,0.87,0,0.0,0.6,0.0,BasePersistentPattern,0,0.30260491371154785
192,es,0.88,0,0.0,0.6,0.0,BasePersistentPattern,0,0.30260491371154785
193,es,0.89,0,0.0,0.6,0.0,BasePersistentPattern,0,0.30260491371154785
194,es,0.9,0,0.0,0.6,0.0,BasePersistentPattern,0,0.30260491371154785
195,es,0.91,0,0.0,0.6,0.0,BasePersistentPattern,0,0.30260491371154785
196,es,0.92,0,0.0,0.6,0.0,BasePersistentPattern,0,0.30260491371154785
197,es,0.93,0,0.0,0.6,0.0,BasePersistentPattern,0,0.30260491371154785
198,es,0.9400000000000001,0,0.0,0.6,0.0,BasePersistentPattern,0,0.30260491371154785
199,es,0.9500000000000001,0,0.0,0.6,0.0,BasePersistentPattern,0,0.30260491371154785
200,es,0.96,0,0.0,0.6,0.0,BasePersistentPattern,0,0.30260491371154785
201,es,0.97,0,0.0,0.6,0.0,BasePersistentPattern,0,0.30260491371154785
202,es,0.98,0,0.0,0.6,0.0,BasePersistentPattern,0,0.30260491371154785
203,es,0.99,0,0.0,0.6,0.0,BasePersistentPattern,0,0.30260491371154785
204,es,1.0,0,0.0,0.6,0.0,BasePersistentPattern,0,0.30260491371154785
205,es_auc,,0,0.2148514851485147,0.600000000000001,0.23089108910891096,BasePersistentPattern,0,0.30260491371154785
206,sss,,0,0.4748646558391338,0.5008156606851549,0.4874950377133783,Baseline,0,0.13918089866638184
207,sss,,1,0.37669630322882547,0.6566068515497553,0.47873922093369015,Baseline,0,0.12052416801452637
208,sss,,2,0.39498178874949413,0.7960848287112561,0.5279956721666216,Baseline,0,0.16064882278442383
209,sss,,3,0.4083710407239819,0.8833605220228385,0.5585353274883961,Baseline,0,0.21536588668823242
210,sss,,4,0.3304111245465538,0.8915171288743883,0.4821349801499779,Baseline,0,0.2110450267791748
211,sss,,5,0.34334763948497854,0.9135399673735726,0.4991087344028521,Baseline,0,0.2225949764251709
212,sss,,6,0.32331060136391815,0.8507340946166395,0.46855345911949675,Baseline,0,0.27076005935668945
213,sss,,7,0.27658904971680304,0.7169657422512234,0.39918256130790186,Baseline,0,0.3348567485809326
214,sss,,8,0.3507046869878728,0.8727569331158238,0.5003507131166705,Baseline,0,0.3603992462158203
215,sss,,9,0.3065217391304348,0.5750407830342578,0.39988655700510495,Baseline,0,0.384307861328125
216,ss,,2,0.09446666666666666,0.43481510621557823,0.15506770837952163,Baseline,0,0.16064882278442383
217,ses,0.0,0,0.9090909090909091,1.0,0.9523809523809523,Baseline,0,0.13918089866638184
218,ses,0.01,0,0.9090909090909091,1.0,0.9523809523809523,Baseline,0,0.13918089866638184
219,ses,0.02,0,0.9090909090909091,1.0,0.9523809523809523,Baseline,0,0.13918089866638184
220,ses,0.03,0,0.9090909090909091,1.0,0.9523809523809523,Baseline,0,0.13918089866638184
221,ses,0.04,0,0.9090909090909091,1.0,0.9523809523809523,Baseline,0,0.13918089866638184
222,ses,0.05,0,0.9090909090909091,1.0,0.9523809523809523,Baseline,0,0.13918089866638184
223,ses,0.06,0,0.9090909090909091,1.0,0.9523809523809523,Baseline,0,0.13918089866638184
224,ses,0.07,0,0.9090909090909091,1.0,0.9523809523809523,Baseline,0,0.13918089866638184
225,ses,0.08,0,0.9090909090909091,1.0,0.9523809523809523,Baseline,0,0.13918089866638184
226,ses,0.09,0,0.9090909090909091,1.0,0.9523809523809523,Baseline,0,0.13918089866638184
227,ses,0.1,0,0.9090909090909091,1.0,0.9523809523809523,Baseline,0,0.13918089866638184
228,ses,0.11,0,0.9090909090909091,1.0,0.9523809523809523,Baseline,0,0.13918089866638184
229,ses,0.12,0,0.9090909090909091,1.0,0.9523809523809523,Baseline,0,0.13918089866638184
230,ses,0.13,0,0.9090909090909091,0.9,0.9045226130653266,Baseline,0,0.13918089866638184
231,ses,0.14,0,0.8181818181818182,0.9,0.8571428571428572,Baseline,0,0.13918089866638184
232,ses,0.15,0,0.8181818181818182,0.9,0.8571428571428572,Baseline,0,0.13918089866638184
233,ses,0.16,0,0.8181818181818182,0.9,0.8571428571428572,Baseline,0,0.13918089866638184
234,ses,0.17,0,0.8181818181818182,0.9,0.8571428571428572,Baseline,0,0.13918089866638184
235,ses,0.18,0,0.8181818181818182,0.9,0.8571428571428572,Baseline,0,0.13918089866638184
236,ses,0.19,0,0.8181818181818182,0.9,0.8571428571428572,Baseline,0,0.13918089866638184
237,ses,0.2,0,0.8181818181818182,0.9,0.8571428571428572,Baseline,0,0.13918089866638184
238,ses,0.21,0,0.8181818181818182,0.9,0.8571428571428572,Baseline,0,0.13918089866638184
239,ses,0.22,0,0.8181818181818182,0.9,0.8571428571428572,Baseline,0,0.13918089866638184
240,ses,0.23,0,0.8181818181818182,0.9,0.8571428571428572,Baseline,0,0.13918089866638184
241,ses,0.24,0,0.8181818181818182,0.9,0.8571428571428572,Baseline,0,0.13918089866638184
242,ses,0.25,0,0.8181818181818182,0.9,0.8571428571428572,Baseline,0,0.13918089866638184
243,ses,0.26,0,0.8181818181818182,0.9,0.8571428571428572,Baseline,0,0.13918089866638184
244,ses,0.27,0,0.8181818181818182,0.9,0.8571428571428572,Baseline,0,0.13918089866638184
245,ses,0.28,0,0.7272727272727273,0.9,0.8044692737430167,Baseline,0,0.13918089866638184
246,ses,0.29,0,0.7272727272727273,0.9,0.8044692737430167,Baseline,0,0.13918089866638184
247,ses,0.3,0,0.7272727272727273,0.9,0.8044692737430167,Baseline,0,0.13918089866638184
248,ses,0.31,0,0.7272727272727273,0.8,0.761904761904762,Baseline,0,0.13918089866638184
249,ses,0.32,0,0.7272727272727273,0.8,0.761904761904762,Baseline,0,0.13918089866638184
250,ses,0.33,0,0.7272727272727273,0.8,0.761904761904762,Baseline,0,0.13918089866638184
251,ses,0.34,0,0.7272727272727273,0.8,0.761904761904762,Baseline,0,0.13918089866638184
252,ses,0.35000000000000003,0,0.7272727272727273,0.8,0.761904761904762,Baseline,0,0.13918089866638184
253,ses,0.36,0,0.7272727272727273,0.8,0.761904761904762,Baseline,0,0.13918089866638184
254,ses,0.37,0,0.7272727272727273,0.8,0.761904761904762,Baseline,0,0.13918089866638184
255,ses,0.38,0,0.7272727272727273,0.8,0.761904761904762,Baseline,0,0.13918089866638184
256,ses,0.39,0,0.7272727272727273,0.8,0.761904761904762,Baseline,0,0.13918089866638184
257,ses,0.4,0,0.7272727272727273,0.6,0.6575342465753425,Baseline,0,0.13918089866638184
258,ses,0.41000000000000003,8,0.4,1.0,0.5714285714285715,Baseline,0,0.3603992462158203
259,ses,0.42,8,0.4,1.0,0.5714285714285715,Baseline,0,0.3603992462158203
260,ses,0.43,8,0.4,1.0,0.5714285714285715,Baseline,0,0.3603992462158203
261,ses,0.44,8,0.4,1.0,0.5714285714285715,Baseline,0,0.3603992462158203
262,ses,0.45,8,0.4,1.0,0.5714285714285715,Baseline,0,0.3603992462158203
263,ses,0.46,8,0.4,1.0,0.5714285714285715,Baseline,0,0.3603992462158203
264,ses,0.47000000000000003,8,0.35,1.0,0.5185185185185185,Baseline,0,0.3603992462158203
265,ses,0.48,2,0.3888888888888889,0.6,0.47191011235955055,Baseline,0,0.16064882278442383
266,ses,0.49,2,0.3888888888888889,0.6,0.47191011235955055,Baseline,0,0.16064882278442383
267,ses,0.5,8,0.3,1.0,0.4615384615384615,Baseline,0,0.3603992462158203
268,ses,0.51,8,0.3,1.0,0.4615384615384615,Baseline,0,0.3603992462158203
269,ses,0.52,8,0.3,1.0,0.4615384615384615,Baseline,0,0.3603992462158203
270,ses,0.53,8,0.3,1.0,0.4615384615384615,Baseline,0,0.3603992462158203
271,ses,0.54,8,0.3,1.0,0.4615384615384615,Baseline,0,0.3603992462158203
272,ses,0.55,6,0.2777777777777778,0.9,0.4245283018867924,Baseline,0,0.27076005935668945
273,ses,0.56,6,0.2777777777777778,0.9,0.4245283018867924,Baseline,0,0.27076005935668945
274,ses,0.5700000000000001,6,0.2777777777777778,0.9,0.4245283018867924,Baseline,0,0.27076005935668945
275,ses,0.58,5,0.23529411764705882,1.0,0.38095238095238093,Baseline,0,0.2225949764251709
276,ses,0.59,8,0.25,0.7,0.3684210526315789,Baseline,0,0.3603992462158203
277,ses,0.6,5,0.23529411764705882,0.8,0.3636363636363636,Baseline,0,0.2225949764251709
278,ses,0.61,5,0.23529411764705882,0.8,0.3636363636363636,Baseline,0,0.2225949764251709
279,ses,0.62,5,0.23529411764705882,0.8,0.3636363636363636,Baseline,0,0.2225949764251709
280,ses,0.63,5,0.23529411764705882,0.8,0.3636363636363636,Baseline,0,0.2225949764251709
281,ses,0.64,5,0.17647058823529413,0.8,0.28915662650602414,Baseline,0,0.2225949764251709
282,ses,0.65,5,0.17647058823529413,0.8,0.28915662650602414,Baseline,0,0.2225949764251709
283,ses,0.66,5,0.17647058823529413,0.8,0.28915662650602414,Baseline,0,0.2225949764251709
284,ses,0.67,5,0.17647058823529413,0.8,0.28915662650602414,Baseline,0,0.2225949764251709
285,ses,0.68,5,0.17647058823529413,0.8,0.28915662650602414,Baseline,0,0.2225949764251709
286,ses,0.6900000000000001,8,0.2,0.5,0.28571428571428575,Baseline,0,0.3603992462158203
287,ses,0.7000000000000001,8,0.2,0.5,0.28571428571428575,Baseline,0,0.3603992462158203
288,ses,0.71,8,0.2,0.5,0.28571428571428575,Baseline,0,0.3603992462158203
289,ses,0.72,8,0.2,0.5,0.28571428571428575,Baseline,0,0.3603992462158203
290,ses,0.73,8,0.2,0.5,0.28571428571428575,Baseline,0,0.3603992462158203
291,ses,0.74,8,0.2,0.5,0.28571428571428575,Baseline,0,0.3603992462158203
292,ses,0.75,8,0.2,0.5,0.28571428571428575,Baseline,0,0.3603992462158203
293,ses,0.76,8,0.2,0.5,0.28571428571428575,Baseline,0,0.3603992462158203
294,ses,0.77,0,0.18181818181818182,0.2,0.1904761904761905,Baseline,0,0.13918089866638184
295,ses,0.78,0,0.18181818181818182,0.2,0.1904761904761905,Baseline,0,0.13918089866638184
296,ses,0.79,0,0.18181818181818182,0.2,0.1904761904761905,Baseline,0,0.13918089866638184
297,ses,0.8,0,0.18181818181818182,0.2,0.1904761904761905,Baseline,0,0.13918089866638184
298,ses,0.81,0,0.18181818181818182,0.2,0.1904761904761905,Baseline,0,0.13918089866638184
299,ses,0.8200000000000001,0,0.18181818181818182,0.2,0.1904761904761905,Baseline,0,0.13918089866638184
300,ses,0.8300000000000001,0,0.18181818181818182,0.2,0.1904761904761905,Baseline,0,0.13918089866638184
301,ses,0.84,0,0.18181818181818182,0.2,0.1904761904761905,Baseline,0,0.13918089866638184
302,ses,0.85,0,0.18181818181818182,0.2,0.1904761904761905,Baseline,0,0.13918089866638184
303,ses,0.86,0,0.18181818181818182,0.2,0.1904761904761905,Baseline,0,0.13918089866638184
304,ses,0.87,0,0.18181818181818182,0.2,0.1904761904761905,Baseline,0,0.13918089866638184
305,ses,0.88,0,0.18181818181818182,0.2,0.1904761904761905,Baseline,0,0.13918089866638184
306,ses,0.89,0,0.18181818181818182,0.2,0.1904761904761905,Baseline,0,0.13918089866638184
307,ses,0.9,0,0.18181818181818182,0.2,0.1904761904761905,Baseline,0,0.13918089866638184
308,ses,0.91,0,0.18181818181818182,0.2,0.1904761904761905,Baseline,0,0.13918089866638184
309,ses,0.92,0,0.18181818181818182,0.2,0.1904761904761905,Baseline,0,0.13918089866638184
310,ses,0.93,0,0.18181818181818182,0.2,0.1904761904761905,Baseline,0,0.13918089866638184
311,ses,0.9400000000000001,0,0.18181818181818182,0.2,0.1904761904761905,Baseline,0,0.13918089866638184
312,ses,0.9500000000000001,0,0.18181818181818182,0.0,0.0,Baseline,0,0.13918089866638184
313,ses,0.96,0,0.0,0.0,0.0,Baseline,0,0.13918089866638184
314,ses,0.97,0,0.0,0.0,0.0,Baseline,0,0.13918089866638184
315,ses,0.98,0,0.0,0.0,0.0,Baseline,0,0.13918089866638184
316,ses,0.99,0,0.0,0.0,0.0,Baseline,0,0.13918089866638184
317,ses,1.0,0,0.0,0.0,0.0,Baseline,0,0.13918089866638184
318,ses_auc,,0,0.4590459045904582,0.49108910891089225,0.4716048279981704,Baseline,0,0.13918089866638184
319,es,0.0,0,0.12525252525252525,0.6,0.20699300699300696,Baseline,0,0.13918089866638184
320,es,0.01,0,0.12525252525252525,0.6,0.20699300699300696,Baseline,0,0.13918089866638184
321,es,0.02,0,0.12525252525252525,0.6,0.20699300699300696,Baseline,0,0.13918089866638184
322,es,0.03,0,0.12525252525252525,0.6,0.20699300699300696,Baseline,0,0.13918089866638184
323,es,0.04,0,0.12525252525252525,0.6,0.20699300699300696,Baseline,0,0.13918089866638184
324,es,0.05,0,0.12525252525252525,0.6,0.20699300699300696,Baseline,0,0.13918089866638184
325,es,0.06,0,0.12525252525252525,0.6,0.20699300699300696,Baseline,0,0.13918089866638184
326,es,0.07,0,0.12525252525252525,0.6,0.20699300699300696,Baseline,0,0.13918089866638184
327,es,0.08,0,0.12525252525252525,0.6,0.20699300699300696,Baseline,0,0.13918089866638184
328,es,0.09,0,0.12525252525252525,0.6,0.20699300699300696,Baseline,0,0.13918089866638184
329,es,0.1,0,0.12525252525252525,0.6,0.20699300699300696,Baseline,0,0.13918089866638184
330,es,0.11,0,0.12525252525252525,0.6,0.20699300699300696,Baseline,0,0.13918089866638184
331,es,0.12,0,0.12525252525252525,0.6,0.20699300699300696,Baseline,0,0.13918089866638184
332,es,0.13,0,0.12525252525252525,0.6,0.20699300699300696,Baseline,0,0.13918089866638184
333,es,0.14,0,0.12525252525252525,0.6,0.20699300699300696,Baseline,0,0.13918089866638184
334,es,0.15,0,0.12525252525252525,0.6,0.20699300699300696,Baseline,0,0.13918089866638184
335,es,0.16,0,0.12525252525252525,0.6,0.20699300699300696,Baseline,0,0.13918089866638184
336,es,0.17,0,0.12525252525252525,0.6,0.20699300699300696,Baseline,0,0.13918089866638184
337,es,0.18,0,0.12525252525252525,0.6,0.20699300699300696,Baseline,0,0.13918089866638184
338,es,0.19,0,0.12525252525252525,0.6,0.20699300699300696,Baseline,0,0.13918089866638184
339,es,0.2,0,0.12525252525252525,0.6,0.20699300699300696,Baseline,0,0.13918089866638184
340,es,0.21,0,0.12525252525252525,0.6,0.20699300699300696,Baseline,0,0.13918089866638184
341,es,0.22,0,0.12525252525252525,0.6,0.20699300699300696,Baseline,0,0.13918089866638184
342,es,0.23,0,0.12525252525252525,0.6,0.20699300699300696,Baseline,0,0.13918089866638184
343,es,0.24,0,0.12525252525252525,0.6,0.20699300699300696,Baseline,0,0.13918089866638184
344,es,0.25,0,0.12525252525252525,0.6,0.20699300699300696,Baseline,0,0.13918089866638184
345,es,0.26,0,0.12525252525252525,0.6,0.20699300699300696,Baseline,0,0.13918089866638184
346,es,0.27,0,0.12525252525252525,0.6,0.20699300699300696,Baseline,0,0.13918089866638184
347,es,0.28,1,0.12080808080808081,0.6,0.20093240093240095,Baseline,0,0.12052416801452637
348,es,0.29,1,0.12080808080808081,0.6,0.20093240093240095,Baseline,0,0.12052416801452637
349,es,0.3,1,0.12080808080808081,0.6,0.20093240093240095,Baseline,0,0.12052416801452637
350,es,0.31,1,0.12080808080808081,0.6,0.20093240093240095,Baseline,0,0.12052416801452637
351,es,0.32,1,0.12080808080808081,0.6,0.20093240093240095,Baseline,0,0.12052416801452637
352,es,0.33,1,0.12080808080808081,0.6,0.20093240093240095,Baseline,0,0.12052416801452637
353,es,0.34,1,0.12080808080808081,0.6,0.20093240093240095,Baseline,0,0.12052416801452637
354,es,0.35000000000000003,1,0.12080808080808081,0.6,0.20093240093240095,Baseline,0,0.12052416801452637
355,es,0.36,1,0.12080808080808081,0.6,0.20093240093240095,Baseline,0,0.12052416801452637
356,es,0.37,1,0.12080808080808081,0.6,0.20093240093240095,Baseline,0,0.12052416801452637
357,es,0.38,1,0.12080808080808081,0.6,0.20093240093240095,Baseline,0,0.12052416801452637
358,es,0.39,1,0.12080808080808081,0.6,0.20093240093240095,Baseline,0,0.12052416801452637
359,es,0.4,1,0.12080808080808081,0.6,0.20093240093240095,Baseline,0,0.12052416801452637
360,es,0.41000000000000003,1,0.12080808080808081,0.6,0.20093240093240095,Baseline,0,0.12052416801452637
361,es,0.42,1,0.12080808080808081,0.6,0.20093240093240095,Baseline,0,0.12052416801452637
362,es,0.43,1,0.12080808080808081,0.6,0.20093240093240095,Baseline,0,0.12052416801452637
363,es,0.44,1,0.12080808080808081,0.6,0.20093240093240095,Baseline,0,0.12052416801452637
364,es,0.45,1,0.12080808080808081,0.6,0.20093240093240095,Baseline,0,0.12052416801452637
365,es,0.46,2,0.10666666666666666,0.5,0.17142857142857143,Baseline,0,0.16064882278442383
366,es,0.47000000000000003,2,0.10666666666666666,0.5,0.17142857142857143,Baseline,0,0.16064882278442383
367,es,0.48,2,0.10666666666666666,0.5,0.17142857142857143,Baseline,0,0.16064882278442383
368,es,0.49,2,0.10666666666666666,0.5,0.17142857142857143,Baseline,0,0.16064882278442383
369,es,0.5,2,0.10666666666666666,0.5,0.17142857142857143,Baseline,0,0.16064882278442383
370,es,0.51,3,0.09826839826839827,0.6,0.1686813186813187,Baseline,0,0.21536588668823242
371,es,0.52,3,0.09826839826839827,0.6,0.1686813186813187,Baseline,0,0.21536588668823242
372,es,0.53,3,0.09826839826839827,0.6,0.1686813186813187,Baseline,0,0.21536588668823242
373,es,0.54,3,0.09826839826839827,0.6,0.1686813186813187,Baseline,0,0.21536588668823242
374,es,0.55,3,0.09826839826839827,0.6,0.1686813186813187,Baseline,0,0.21536588668823242
375,es,0.56,3,0.09826839826839827,0.6,0.1686813186813187,Baseline,0,0.21536588668823242
376,es,0.5700000000000001,3,0.09826839826839827,0.6,0.1686813186813187,Baseline,0,0.21536588668823242
377,es,0.58,3,0.09826839826839827,0.6,0.1686813186813187,Baseline,0,0.21536588668823242
378,es,0.59,3,0.09826839826839827,0.6,0.1686813186813187,Baseline,0,0.21536588668823242
379,es,0.6,3,0.09826839826839827,0.6,0.1686813186813187,Baseline,0,0.21536588668823242
380,es,0.61,3,0.09826839826839827,0.6,0.1686813186813187,Baseline,0,0.21536588668823242
381,es,0.62,3,0.09826839826839827,0.5,0.16153846153846155,Baseline,0,0.21536588668823242
382,es,0.63,2,0.08666666666666667,0.5,0.14761904761904762,Baseline,0,0.16064882278442383
383,es,0.64,2,0.08666666666666667,0.5,0.14761904761904762,Baseline,0,0.16064882278442383
384,es,0.65,2,0.08666666666666667,0.5,0.14761904761904762,Baseline,0,0.16064882278442383
385,es,0.66,2,0.08666666666666667,0.5,0.14761904761904762,Baseline,0,0.16064882278442383
386,es,0.67,2,0.08666666666666667,0.5,0.14761904761904762,Baseline,0,0.16064882278442383
387,es,0.68,2,0.08666666666666667,0.5,0.14761904761904762,Baseline,0,0.16064882278442383
388,es,0.6900000000000001,2,0.08666666666666667,0.5,0.14761904761904762,Baseline,0,0.16064882278442383
389,es,0.7000000000000001,2,0.08666666666666667,0.5,0.14761904761904762,Baseline,0,0.16064882278442383
390,es,0.71,2,0.08666666666666667,0.5,0.14761904761904762,Baseline,0,0.16064882278442383
391,es,0.72,2,0.08666666666666667,0.5,0.14761904761904762,Baseline,0,0.16064882278442383
392,es,0.73,2,0.08666666666666667,0.5,0.14761904761904762,Baseline,0,0.16064882278442383
393,es,0.74,2,0.08666666666666667,0.5,0.14761904761904762,Baseline,0,0.16064882278442383
394,es,0.75,2,0.08666666666666667,0.5,0.14761904761904762,Baseline,0,0.16064882278442383
395,es,0.76,2,0.08666666666666667,0.4,0.11428571428571428,Baseline,0,0.16064882278442383
396,es,0.77,2,0.08666666666666667,0.4,0.11428571428571428,Baseline,0,0.16064882278442383
397,es,0.78,2,0.08666666666666667,0.4,0.11428571428571428,Baseline,0,0.16064882278442383
398,es,0.79,5,0.0784885290148448,0.4,0.08515406162464986,Baseline,0,0.2225949764251709
399,es,0.8,5,0.0784885290148448,0.4,0.08515406162464986,Baseline,0,0.2225949764251709
400,es,0.81,7,0.042222222222222223,0.1,0.03333333333333334,Baseline,0,0.3348567485809326
401,es,0.8200000000000001,0,0.04444444444444444,0.0,0.0,Baseline,0,0.13918089866638184
402,es,0.8300000000000001,0,0.04444444444444444,0.0,0.0,Baseline,0,0.13918089866638184
403,es,0.84,0,0.04444444444444444,0.0,0.0,Baseline,0,0.13918089866638184
404,es,0.85,0,0.04444444444444444,0.0,0.0,Baseline,0,0.13918089866638184
405,es,0.86,0,0.04444444444444444,0.0,0.0,Baseline,0,0.13918089866638184
406,es,0.87,0,0.04444444444444444,0.0,0.0,Baseline,0,0.13918089866638184
407,es,0.88,0,0.04444444444444444,0.0,0.0,Baseline,0,0.13918089866638184
408,es,0.89,0,0.04444444444444444,0.0,0.0,Baseline,0,0.13918089866638184
409,es,0.9,0,0.04444444444444444,0.0,0.0,Baseline,0,0.13918089866638184
410,es,0.91,0,0.04444444444444444,0.0,0.0,Baseline,0,0.13918089866638184
411,es,0.92,0,0.04444444444444444,0.0,0.0,Baseline,0,0.13918089866638184
412,es,0.93,0,0.04444444444444444,0.0,0.0,Baseline,0,0.13918089866638184
413,es,0.9400000000000001,0,0.04444444444444444,0.0,0.0,Baseline,0,0.13918089866638184
414,es,0.9500000000000001,0,0.04444444444444444,0.0,0.0,Baseline,0,0.13918089866638184
415,es,0.96,0,0.04444444444444444,0.0,0.0,Baseline,0,0.13918089866638184
416,es,0.97,0,0.04444444444444444,0.0,0.0,Baseline,0,0.13918089866638184
417,es,0.98,0,0.04444444444444444,0.0,0.0,Baseline,0,0.13918089866638184
418,es,0.99,0,0.04444444444444444,0.0,0.0,Baseline,0,0.13918089866638184
419,es,1.0,0,0.04444444444444444,0.0,0.0,Baseline,0,0.13918089866638184
420,es_auc,,2,0.09386138613861378,0.43267326732673284,0.13149457802923134,Baseline,0,0.16064882278442383
421,sss,,0,0.7088888888888889,0.2601957585644372,0.3806682577565633,MatrixProfile,0,0.0712130069732666
422,sss,,1,0.6133333333333333,0.8254486133768353,0.7037552155771906,MatrixProfile,0,0.05811190605163574
423,sss,,2,0.4216666666666667,0.8254486133768353,0.5581908439051296,MatrixProfile,0,0.04242706298828125
424,sss,,3,0.4216666666666667,0.8254486133768353,0.5581908439051296,MatrixProfile,0,0.043227195739746094
425,sss,,4,0.39,0.8588907014681892,0.5364238410596027,MatrixProfile,0,0.042736053466796875
426,sss,,5,0.383048381229538,0.8588907014681892,0.5298113207547169,MatrixProfile,0,0.042668819427490234
427,sss,,6,0.383048381229538,0.8588907014681892,0.5298113207547169,MatrixProfile,0,0.04269695281982422
428,sss,,7,0.383048381229538,0.8588907014681892,0.5298113207547169,MatrixProfile,0,0.04208207130432129
429,sss,,8,0.383048381229538,0.8588907014681892,0.5298113207547169,MatrixProfile,0,0.043099164962768555
430,sss,,9,0.383048381229538,0.8588907014681892,0.5298113207547169,MatrixProfile,0,0.04272198677062988
431,sss,,10,0.383048381229538,0.8588907014681892,0.5298113207547169,MatrixProfile,0,0.04207277297973633
432,sss,,11,0.383048381229538,0.8588907014681892,0.5298113207547169,MatrixProfile,0,0.039362192153930664
433,sss,,12,0.383048381229538,0.8588907014681892,0.5298113207547169,MatrixProfile,0,0.03871488571166992
434,sss,,13,0.383048381229538,0.8588907014681892,0.5298113207547169,MatrixProfile,0,0.04613995552062988
435,sss,,14,0.383048381229538,0.8588907014681892,0.5298113207547169,MatrixProfile,0,0.04198098182678223
436,ss,,1,0.22533333333333333,0.46622390891840604,0.30076444995672946,MatrixProfile,0,0.05811190605163574
437,ses,0.0,1,0.9090909090909091,1.0,0.9523809523809523,MatrixProfile,0,0.05811190605163574
438,ses,0.01,1,0.9090909090909091,1.0,0.9523809523809523,MatrixProfile,0,0.05811190605163574
439,ses,0.02,1,0.9090909090909091,1.0,0.9523809523809523,MatrixProfile,0,0.05811190605163574
440,ses,0.03,1,0.9090909090909091,1.0,0.9523809523809523,MatrixProfile,0,0.05811190605163574
441,ses,0.04,1,0.9090909090909091,1.0,0.9523809523809523,MatrixProfile,0,0.05811190605163574
442,ses,0.05,1,0.9090909090909091,1.0,0.9523809523809523,MatrixProfile,0,0.05811190605163574
443,ses,0.06,1,0.9090909090909091,1.0,0.9523809523809523,MatrixProfile,0,0.05811190605163574
444,ses,0.07,1,0.9090909090909091,1.0,0.9523809523809523,MatrixProfile,0,0.05811190605163574
445,ses,0.08,1,0.9090909090909091,1.0,0.9523809523809523,MatrixProfile,0,0.05811190605163574
446,ses,0.09,1,0.9090909090909091,1.0,0.9523809523809523,MatrixProfile,0,0.05811190605163574
447,ses,0.1,1,0.9090909090909091,1.0,0.9523809523809523,MatrixProfile,0,0.05811190605163574
448,ses,0.11,1,0.9090909090909091,1.0,0.9523809523809523,MatrixProfile,0,0.05811190605163574
449,ses,0.12,1,0.9090909090909091,1.0,0.9523809523809523,MatrixProfile,0,0.05811190605163574
450,ses,0.13,1,0.9090909090909091,1.0,0.9523809523809523,MatrixProfile,0,0.05811190605163574
451,ses,0.14,1,0.9090909090909091,1.0,0.9523809523809523,MatrixProfile,0,0.05811190605163574
452,ses,0.15,1,0.9090909090909091,1.0,0.9523809523809523,MatrixProfile,0,0.05811190605163574
453,ses,0.16,1,0.9090909090909091,1.0,0.9523809523809523,MatrixProfile,0,0.05811190605163574
454,ses,0.17,1,0.9090909090909091,1.0,0.9523809523809523,MatrixProfile,0,0.05811190605163574
455,ses,0.18,1,0.9090909090909091,1.0,0.9523809523809523,MatrixProfile,0,0.05811190605163574
456,ses,0.19,1,0.9090909090909091,1.0,0.9523809523809523,MatrixProfile,0,0.05811190605163574
457,ses,0.2,1,0.9090909090909091,1.0,0.9523809523809523,MatrixProfile,0,0.05811190605163574
458,ses,0.21,1,0.9090909090909091,1.0,0.9523809523809523,MatrixProfile,0,0.05811190605163574
459,ses,0.22,1,0.9090909090909091,1.0,0.9523809523809523,MatrixProfile,0,0.05811190605163574
460,ses,0.23,1,0.9090909090909091,1.0,0.9523809523809523,MatrixProfile,0,0.05811190605163574
461,ses,0.24,1,0.9090909090909091,1.0,0.9523809523809523,MatrixProfile,0,0.05811190605163574
462,ses,0.25,1,0.9090909090909091,1.0,0.9523809523809523,MatrixProfile,0,0.05811190605163574
463,ses,0.26,1,0.9090909090909091,1.0,0.9523809523809523,MatrixProfile,0,0.05811190605163574
464,ses,0.27,1,0.9090909090909091,1.0,0.9523809523809523,MatrixProfile,0,0.05811190605163574
465,ses,0.28,1,0.9090909090909091,1.0,0.9523809523809523,MatrixProfile,0,0.05811190605163574
466,ses,0.29,1,0.9090909090909091,1.0,0.9523809523809523,MatrixProfile,0,0.05811190605163574
467,ses,0.3,1,0.9090909090909091,1.0,0.9523809523809523,MatrixProfile,0,0.05811190605163574
468,ses,0.31,1,0.9090909090909091,1.0,0.9523809523809523,MatrixProfile,0,0.05811190605163574
469,ses,0.32,1,0.9090909090909091,1.0,0.9523809523809523,MatrixProfile,0,0.05811190605163574
470,ses,0.33,1,0.9090909090909091,1.0,0.9523809523809523,MatrixProfile,0,0.05811190605163574
471,ses,0.34,1,0.9090909090909091,1.0,0.9523809523809523,MatrixProfile,0,0.05811190605163574
472,ses,0.35000000000000003,1,0.9090909090909091,1.0,0.9523809523809523,MatrixProfile,0,0.05811190605163574
473,ses,0.36,1,0.9090909090909091,1.0,0.9523809523809523,MatrixProfile,0,0.05811190605163574
474,ses,0.37,1,0.9090909090909091,1.0,0.9523809523809523,MatrixProfile,0,0.05811190605163574
475,ses,0.38,1,0.9090909090909091,1.0,0.9523809523809523,MatrixProfile,0,0.05811190605163574
476,ses,0.39,1,0.9090909090909091,1.0,0.9523809523809523,MatrixProfile,0,0.05811190605163574
477,ses,0.4,1,0.9090909090909091,1.0,0.9523809523809523,MatrixProfile,0,0.05811190605163574
478,ses,0.41000000000000003,1,0.9090909090909091,1.0,0.9523809523809523,MatrixProfile,0,0.05811190605163574
479,ses,0.42,1,0.9090909090909091,1.0,0.9523809523809523,MatrixProfile,0,0.05811190605163574
480,ses,0.43,1,0.9090909090909091,1.0,0.9523809523809523,MatrixProfile,0,0.05811190605163574
481,ses,0.44,1,0.9090909090909091,1.0,0.9523809523809523,MatrixProfile,0,0.05811190605163574
482,ses,0.45,1,0.7272727272727273,1.0,0.8421052631578948,MatrixProfile,0,0.05811190605163574
483,ses,0.46,1,0.7272727272727273,1.0,0.8421052631578948,MatrixProfile,0,0.05811190605163574
484,ses,0.47000000000000003,1,0.7272727272727273,1.0,0.8421052631578948,MatrixProfile,0,0.05811190605163574
485,ses,0.48,1,0.7272727272727273,1.0,0.8421052631578948,MatrixProfile,0,0.05811190605163574
486,ses,0.49,1,0.7272727272727273,1.0,0.8421052631578948,MatrixProfile,0,0.05811190605163574
487,ses,0.5,1,0.7272727272727273,1.0,0.8421052631578948,MatrixProfile,0,0.05811190605163574
488,ses,0.51,1,0.7272727272727273,1.0,0.8421052631578948,MatrixProfile,0,0.05811190605163574
489,ses,0.52,1,0.7272727272727273,1.0,0.8421052631578948,MatrixProfile,0,0.05811190605163574
490,ses,0.53,1,0.7272727272727273,1.0,0.8421052631578948,MatrixProfile,0,0.05811190605163574
491,ses,0.54,1,0.7272727272727273,0.9,0.8044692737430167,MatrixProfile,0,0.05811190605163574
492,ses,0.55,1,0.7272727272727273,0.8,0.761904761904762,MatrixProfile,0,0.05811190605163574
493,ses,0.56,1,0.7272727272727273,0.8,0.761904761904762,MatrixProfile,0,0.05811190605163574
494,ses,0.5700000000000001,1,0.7272727272727273,0.8,0.761904761904762,MatrixProfile,0,0.05811190605163574
495,ses,0.58,1,0.7272727272727273,0.8,0.761904761904762,MatrixProfile,0,0.05811190605163574
496,ses,0.59,1,0.7272727272727273,0.8,0.761904761904762,MatrixProfile,0,0.05811190605163574
497,ses,0.6,1,0.7272727272727273,0.8,0.761904761904762,MatrixProfile,0,0.05811190605163574
498,ses,0.61,1,0.7272727272727273,0.8,0.761904761904762,MatrixProfile,0,0.05811190605163574
499,ses,0.62,1,0.7272727272727273,0.8,0.761904761904762,MatrixProfile,0,0.05811190605163574
500,ses,0.63,1,0.7272727272727273,0.8,0.761904761904762,MatrixProfile,0,0.05811190605163574
501,ses,0.64,1,0.7272727272727273,0.8,0.761904761904762,MatrixProfile,0,0.05811190605163574
502,ses,0.65,1,0.7272727272727273,0.8,0.761904761904762,MatrixProfile,0,0.05811190605163574
503,ses,0.66,1,0.6363636363636364,0.8,0.7088607594936709,MatrixProfile,0,0.05811190605163574
504,ses,0.67,1,0.6363636363636364,0.8,0.7088607594936709,MatrixProfile,0,0.05811190605163574
505,ses,0.68,1,0.6363636363636364,0.8,0.7088607594936709,MatrixProfile,0,0.05811190605163574
506,ses,0.6900000000000001,1,0.6363636363636364,0.8,0.7088607594936709,MatrixProfile,0,0.05811190605163574
507,ses,0.7000000000000001,1,0.6363636363636364,0.8,0.7088607594936709,MatrixProfile,0,0.05811190605163574
508,ses,0.71,1,0.45454545454545453,0.8,0.5797101449275363,MatrixProfile,0,0.05811190605163574
509,ses,0.72,1,0.2727272727272727,0.8,0.4067796610169491,MatrixProfile,0,0.05811190605163574
510,ses,0.73,1,0.2727272727272727,0.8,0.4067796610169491,MatrixProfile,0,0.05811190605163574
511,ses,0.74,1,0.18181818181818182,0.8,0.2962962962962963,MatrixProfile,0,0.05811190605163574
512,ses,0.75,1,0.18181818181818182,0.8,0.2962962962962963,MatrixProfile,0,0.05811190605163574
513,ses,0.76,1,0.18181818181818182,0.8,0.2962962962962963,MatrixProfile,0,0.05811190605163574
514,ses,0.77,1,0.18181818181818182,0.8,0.2962962962962963,MatrixProfile,0,0.05811190605163574
515,ses,0.78,1,0.09090909090909091,0.8,0.163265306122449,MatrixProfile,0,0.05811190605163574
516,ses,0.79,1,0.09090909090909091,0.6,0.15789473684210525,MatrixProfile,0,0.05811190605163574
517,ses,0.8,1,0.09090909090909091,0.6,0.15789473684210525,MatrixProfile,0,0.05811190605163574
518,ses,0.81,1,0.09090909090909091,0.5,0.15384615384615385,MatrixProfile,0,0.05811190605163574
519,ses,0.8200000000000001,1,0.09090909090909091,0.5,0.15384615384615385,MatrixProfile,0,0.05811190605163574
520,ses,0.8300000000000001,0,0.0,0.2,0.0,MatrixProfile,0,0.0712130069732666
521,ses,0.84,0,0.0,0.2,0.0,MatrixProfile,0,0.0712130069732666
522,ses,0.85,0,0.0,0.2,0.0,MatrixProfile,0,0.0712130069732666
523,ses,0.86,0,0.0,0.2,0.0,MatrixProfile,0,0.0712130069732666
524,ses,0.87,0,0.0,0.2,0.0,MatrixProfile,0,0.0712130069732666
525,ses,0.88,0,0.0,0.2,0.0,MatrixProfile,0,0.0712130069732666
526,ses,0.89,0,0.0,0.2,0.0,MatrixProfile,0,0.0712130069732666
527,ses,0.9,0,0.0,0.2,0.0,MatrixProfile,0,0.0712130069732666
528,ses,0.91,0,0.0,0.2,0.0,MatrixProfile,0,0.0712130069732666
529,ses,0.92,0,0.0,0.2,0.0,MatrixProfile,0,0.0712130069732666
530,ses,0.93,0,0.0,0.2,0.0,MatrixProfile,0,0.0712130069732666
531,ses,0.9400000000000001,0,0.0,0.2,0.0,MatrixProfile,0,0.0712130069732666
532,ses,0.9500000000000001,0,0.0,0.2,0.0,MatrixProfile,0,0.0712130069732666
533,ses,0.96,0,0.0,0.2,0.0,MatrixProfile,0,0.0712130069732666
534,ses,0.97,0,0.0,0.2,0.0,MatrixProfile,0,0.0712130069732666
535,ses,0.98,0,0.0,0.2,0.0,MatrixProfile,0,0.0712130069732666
536,ses,0.99,0,0.0,0.2,0.0,MatrixProfile,0,0.0712130069732666
537,ses,1.0,0,0.0,0.2,0.0,MatrixProfile,0,0.0712130069732666
538,ses_auc,,1,0.609360936093609,0.828712871287128,0.6587229447264674,MatrixProfile,0,0.05811190605163574
539,es,0.0,1,0.3466666666666667,0.6,0.43428571428571433,MatrixProfile,0,0.05811190605163574
540,es,0.01,1,0.3466666666666667,0.6,0.43428571428571433,MatrixProfile,0,0.05811190605163574
541,es,0.02,1,0.3466666666666667,0.6,0.43428571428571433,MatrixProfile,0,0.05811190605163574
542,es,0.03,1,0.3466666666666667,0.6,0.43428571428571433,MatrixProfile,0,0.05811190605163574
543,es,0.04,1,0.3466666666666667,0.6,0.43428571428571433,MatrixProfile,0,0.05811190605163574
544,es,0.05,1,0.3466666666666667,0.6,0.43428571428571433,MatrixProfile,0,0.05811190605163574
545,es,0.06,1,0.3466666666666667,0.6,0.43428571428571433,MatrixProfile,0,0.05811190605163574
546,es,0.07,1,0.3466666666666667,0.6,0.43428571428571433,MatrixProfile,0,0.05811190605163574
547,es,0.08,1,0.3466666666666667,0.6,0.43428571428571433,MatrixProfile,0,0.05811190605163574
548,es,0.09,1,0.3466666666666667,0.6,0.43428571428571433,MatrixProfile,0,0.05811190605163574
549,es,0.1,1,0.3466666666666667,0.6,0.43428571428571433,MatrixProfile,0,0.05811190605163574
550,es,0.11,1,0.3466666666666667,0.6,0.43428571428571433,MatrixProfile,0,0.05811190605163574
551,es,0.12,1,0.3466666666666667,0.6,0.43428571428571433,MatrixProfile,0,0.05811190605163574
552,es,0.13,1,0.3466666666666667,0.6,0.43428571428571433,MatrixProfile,0,0.05811190605163574
553,es,0.14,1,0.3466666666666667,0.6,0.43428571428571433,MatrixProfile,0,0.05811190605163574
554,es,0.15,1,0.3466666666666667,0.6,0.43428571428571433,MatrixProfile,0,0.05811190605163574
555,es,0.16,1,0.3466666666666667,0.6,0.43428571428571433,MatrixProfile,0,0.05811190605163574
556,es,0.17,1,0.3466666666666667,0.6,0.43428571428571433,MatrixProfile,0,0.05811190605163574
557,es,0.18,1,0.3466666666666667,0.6,0.43428571428571433,MatrixProfile,0,0.05811190605163574
558,es,0.19,1,0.3466666666666667,0.6,0.43428571428571433,MatrixProfile,0,0.05811190605163574
559,es,0.2,1,0.3466666666666667,0.6,0.43428571428571433,MatrixProfile,0,0.05811190605163574
560,es,0.21,1,0.3466666666666667,0.6,0.43428571428571433,MatrixProfile,0,0.05811190605163574
561,es,0.22,1,0.3466666666666667,0.6,0.43428571428571433,MatrixProfile,0,0.05811190605163574
562,es,0.23,1,0.3466666666666667,0.6,0.43428571428571433,MatrixProfile,0,0.05811190605163574
563,es,0.24,1,0.3466666666666667,0.6,0.43428571428571433,MatrixProfile,0,0.05811190605163574
564,es,0.25,1,0.3466666666666667,0.6,0.43428571428571433,MatrixProfile,0,0.05811190605163574
565,es,0.26,1,0.3466666666666667,0.6,0.43428571428571433,MatrixProfile,0,0.05811190605163574
566,es,0.27,1,0.3466666666666667,0.6,0.43428571428571433,MatrixProfile,0,0.05811190605163574
567,es,0.28,1,0.3466666666666667,0.6,0.43428571428571433,MatrixProfile,0,0.05811190605163574
568,es,0.29,1,0.3466666666666667,0.6,0.43428571428571433,MatrixProfile,0,0.05811190605163574
569,es,0.3,1,0.3466666666666667,0.6,0.43428571428571433,MatrixProfile,0,0.05811190605163574
570,es,0.31,1,0.3466666666666667,0.6,0.43428571428571433,MatrixProfile,0,0.05811190605163574
571,es,0.32,1,0.3466666666666667,0.6,0.43428571428571433,MatrixProfile,0,0.05811190605163574
572,es,0.33,1,0.3466666666666667,0.6,0.43428571428571433,MatrixProfile,0,0.05811190605163574
573,es,0.34,1,0.3466666666666667,0.6,0.43428571428571433,MatrixProfile,0,0.05811190605163574
574,es,0.35000000000000003,1,0.3466666666666667,0.6,0.43428571428571433,MatrixProfile,0,0.05811190605163574
575,es,0.36,1,0.3466666666666667,0.6,0.43428571428571433,MatrixProfile,0,0.05811190605163574
576,es,0.37,1,0.3466666666666667,0.6,0.43428571428571433,MatrixProfile,0,0.05811190605163574
577,es,0.38,1,0.3466666666666667,0.6,0.43428571428571433,MatrixProfile,0,0.05811190605163574
578,es,0.39,1,0.3466666666666667,0.6,0.43428571428571433,MatrixProfile,0,0.05811190605163574
579,es,0.4,1,0.3466666666666667,0.6,0.43428571428571433,MatrixProfile,0,0.05811190605163574
580,es,0.41000000000000003,1,0.3466666666666667,0.6,0.43428571428571433,MatrixProfile,0,0.05811190605163574
581,es,0.42,1,0.3466666666666667,0.6,0.43428571428571433,MatrixProfile,0,0.05811190605163574
582,es,0.43,1,0.3466666666666667,0.6,0.43428571428571433,MatrixProfile,0,0.05811190605163574
583,es,0.44,1,0.3466666666666667,0.6,0.43428571428571433,MatrixProfile,0,0.05811190605163574
584,es,0.45,5,0.28205128205128205,0.5,0.3466666666666667,MatrixProfile,0,0.042668819427490234
585,es,0.46,5,0.28205128205128205,0.5,0.3466666666666667,MatrixProfile,0,0.042668819427490234
586,es,0.47000000000000003,5,0.28205128205128205,0.5,0.3466666666666667,MatrixProfile,0,0.042668819427490234
587,es,0.48,5,0.28205128205128205,0.5,0.3466666666666667,MatrixProfile,0,0.042668819427490234
588,es,0.49,5,0.28205128205128205,0.5,0.3466666666666667,MatrixProfile,0,0.042668819427490234
589,es,0.5,5,0.28205128205128205,0.5,0.3466666666666667,MatrixProfile,0,0.042668819427490234
590,es,0.51,5,0.28205128205128205,0.5,0.3466666666666667,MatrixProfile,0,0.042668819427490234
591,es,0.52,5,0.28205128205128205,0.5,0.3466666666666667,MatrixProfile,0,0.042668819427490234
592,es,0.53,5,0.28205128205128205,0.5,0.3466666666666667,MatrixProfile,0,0.042668819427490234
593,es,0.54,5,0.28205128205128205,0.5,0.3466666666666667,MatrixProfile,0,0.042668819427490234
594,es,0.55,5,0.28205128205128205,0.5,0.3466666666666667,MatrixProfile,0,0.042668819427490234
595,es,0.56,5,0.28205128205128205,0.5,0.3466666666666667,MatrixProfile,0,0.042668819427490234
596,es,0.5700000000000001,5,0.28205128205128205,0.5,0.3466666666666667,MatrixProfile,0,0.042668819427490234
597,es,0.58,5,0.28205128205128205,0.5,0.3466666666666667,MatrixProfile,0,0.042668819427490234
598,es,0.59,5,0.28205128205128205,0.5,0.3466666666666667,MatrixProfile,0,0.042668819427490234
599,es,0.6,5,0.28205128205128205,0.5,0.3466666666666667,MatrixProfile,0,0.042668819427490234
600,es,0.61,5,0.28205128205128205,0.5,0.3466666666666667,MatrixProfile,0,0.042668819427490234
601,es,0.62,5,0.28205128205128205,0.5,0.3466666666666667,MatrixProfile,0,0.042668819427490234
602,es,0.63,5,0.28205128205128205,0.5,0.3466666666666667,MatrixProfile,0,0.042668819427490234
603,es,0.64,5,0.28205128205128205,0.5,0.3466666666666667,MatrixProfile,0,0.042668819427490234
604,es,0.65,5,0.28205128205128205,0.5,0.3466666666666667,MatrixProfile,0,0.042668819427490234
605,es,0.66,5,0.28205128205128205,0.5,0.3466666666666667,MatrixProfile,0,0.042668819427490234
606,es,0.67,5,0.28205128205128205,0.5,0.3466666666666667,MatrixProfile,0,0.042668819427490234
607,es,0.68,5,0.28205128205128205,0.5,0.3466666666666667,MatrixProfile,0,0.042668819427490234
608,es,0.6900000000000001,5,0.28205128205128205,0.5,0.3466666666666667,MatrixProfile,0,0.042668819427490234
609,es,0.7000000000000001,5,0.28205128205128205,0.5,0.3466666666666667,MatrixProfile,0,0.042668819427490234
610,es,0.71,5,0.14871794871794872,0.5,0.18666666666666668,MatrixProfile,0,0.042668819427490234
611,es,0.72,5,0.015384615384615385,0.5,0.026666666666666672,MatrixProfile,0,0.042668819427490234
612,es,0.73,5,0.015384615384615385,0.5,0.026666666666666672,MatrixProfile,0,0.042668819427490234
613,es,0.74,0,0.0,0.2,0.0,MatrixProfile,0,0.0712130069732666
614,es,0.75,0,0.0,0.2,0.0,MatrixProfile,0,0.0712130069732666
615,es,0.76,0,0.0,0.2,0.0,MatrixProfile,0,0.0712130069732666
616,es,0.77,0,0.0,0.2,0.0,MatrixProfile,0,0.0712130069732666
617,es,0.78,0,0.0,0.2,0.0,MatrixProfile,0,0.0712130069732666
618,es,0.79,0,0.0,0.1,0.0,MatrixProfile,0,0.0712130069732666
619,es,0.8,0,0.0,0.1,0.0,MatrixProfile,0,0.0712130069732666
620,es,0.81,0,0.0,0.1,0.0,MatrixProfile,0,0.0712130069732666
621,es,0.8200000000000001,0,0.0,0.1,0.0,MatrixProfile,0,0.0712130069732666
622,es,0.8300000000000001,0,0.0,0.1,0.0,MatrixProfile,0,0.0712130069732666
623,es,0.84,0,0.0,0.1,0.0,MatrixProfile,0,0.0712130069732666
624,es,0.85,0,0.0,0.1,0.0,MatrixProfile,0,0.0712130069732666
625,es,0.86,0,0.0,0.1,0.0,MatrixProfile,0,0.0712130069732666
626,es,0.87,0,0.0,0.1,0.0,MatrixProfile,0,0.0712130069732666
627,es,0.88,0,0.0,0.1,0.0,MatrixProfile,0,0.0712130069732666
628,es,0.89,0,0.0,0.1,0.0,MatrixProfile,0,0.0712130069732666
629,es,0.9,0,0.0,0.1,0.0,MatrixProfile,0,0.0712130069732666
630,es,0.91,0,0.0,0.1,0.0,MatrixProfile,0,0.0712130069732666
631,es,0.92,0,0.0,0.1,0.0,MatrixProfile,0,0.0712130069732666
632,es,0.93,0,0.0,0.1,0.0,MatrixProfile,0,0.0712130069732666
633,es,0.9400000000000001,0,0.0,0.1,0.0,MatrixProfile,0,0.0712130069732666
634,es,0.9500000000000001,0,0.0,0.1,0.0,MatrixProfile,0,0.0712130069732666
635,es,0.96,0,0.0,0.1,0.0,MatrixProfile,0,0.0712130069732666
636,es,0.97,0,0.0,0.1,0.0,MatrixProfile,0,0.0712130069732666
637,es,0.98,0,0.0,0.1,0.0,MatrixProfile,0,0.0712130069732666
638,es,0.99,0,0.0,0.1,0.0,MatrixProfile,0,0.0712130069732666
639,es,1.0,0,0.0,0.1,0.0,MatrixProfile,0,0.0712130069732666
640,es_auc,,1,0.2244224422442244,0.464356435643565,0.2774540311173975,MatrixProfile,0,0.05811190605163574
641,sss,,0,0.9052631578947369,0.42088091353996737,0.5746102449888643,Valmod,0,0.47701311111450195
642,sss,,1,0.39242105263157895,0.7601957585644372,0.5176339905581783,Valmod,0,0.440521240234375
643,sss,,2,0.3600525624178712,0.8939641109298532,0.5133489461358315,Valmod,0,0.47119903564453125
644,sss,,3,0.3324324324324324,0.9029363784665579,0.4859525899912204,Valmod,0,0.4786508083343506
645,sss,,4,0.3324324324324324,0.9029363784665579,0.4859525899912204,Valmod,0,0.46884894371032715
646,sss,,5,0.3324324324324324,0.9029363784665579,0.4859525899912204,Valmod,0,0.4607088565826416
647,sss,,6,0.3324324324324324,0.9029363784665579,0.4859525899912204,Valmod,0,0.4889829158782959
648,sss,,7,0.3324324324324324,0.9029363784665579,0.4859525899912204,Valmod,0,0.4814739227294922
649,sss,,8,0.3324324324324324,0.9029363784665579,0.4859525899912204,Valmod,0,0.462871789932251
650,sss,,9,0.3324324324324324,0.9029363784665579,0.4859525899912204,Valmod,0,0.47075390815734863
651,ss,,0,0.5431578947368421,0.4259004332104114,0.4761483456228907,Valmod,0,0.47701311111450195
652,ses,0.0,0,1.0,0.6,0.7499999999999999,Valmod,0,0.47701311111450195
653,ses,0.01,0,1.0,0.6,0.7499999999999999,Valmod,0,0.47701311111450195
654,ses,0.02,0,1.0,0.6,0.7499999999999999,Valmod,0,0.47701311111450195
655,ses,0.03,0,1.0,0.6,0.7499999999999999,Valmod,0,0.47701311111450195
656,ses,0.04,0,1.0,0.6,0.7499999999999999,Valmod,0,0.47701311111450195
657,ses,0.05,0,1.0,0.6,0.7499999999999999,Valmod,0,0.47701311111450195
658,ses,0.06,0,1.0,0.6,0.7499999999999999,Valmod,0,0.47701311111450195
659,ses,0.07,0,1.0,0.6,0.7499999999999999,Valmod,0,0.47701311111450195
660,ses,0.08,0,1.0,0.6,0.7499999999999999,Valmod,0,0.47701311111450195
661,ses,0.09,0,1.0,0.6,0.7499999999999999,Valmod,0,0.47701311111450195
662,ses,0.1,0,1.0,0.6,0.7499999999999999,Valmod,0,0.47701311111450195
663,ses,0.11,0,1.0,0.6,0.7499999999999999,Valmod,0,0.47701311111450195
664,ses,0.12,0,1.0,0.6,0.7499999999999999,Valmod,0,0.47701311111450195
665,ses,0.13,0,1.0,0.6,0.7499999999999999,Valmod,0,0.47701311111450195
666,ses,0.14,0,1.0,0.6,0.7499999999999999,Valmod,0,0.47701311111450195
667,ses,0.15,0,1.0,0.6,0.7499999999999999,Valmod,0,0.47701311111450195
668,ses,0.16,0,1.0,0.6,0.7499999999999999,Valmod,0,0.47701311111450195
669,ses,0.17,0,1.0,0.6,0.7499999999999999,Valmod,0,0.47701311111450195
670,ses,0.18,0,1.0,0.6,0.7499999999999999,Valmod,0,0.47701311111450195
671,ses,0.19,0,1.0,0.6,0.7499999999999999,Valmod,0,0.47701311111450195
672,ses,0.2,0,1.0,0.6,0.7499999999999999,Valmod,0,0.47701311111450195
673,ses,0.21,0,1.0,0.6,0.7499999999999999,Valmod,0,0.47701311111450195
674,ses,0.22,0,1.0,0.6,0.7499999999999999,Valmod,0,0.47701311111450195
675,ses,0.23,0,1.0,0.6,0.7499999999999999,Valmod,0,0.47701311111450195
676,ses,0.24,0,1.0,0.6,0.7499999999999999,Valmod,0,0.47701311111450195
677,ses,0.25,0,1.0,0.6,0.7499999999999999,Valmod,0,0.47701311111450195
678,ses,0.26,0,1.0,0.6,0.7499999999999999,Valmod,0,0.47701311111450195
679,ses,0.27,0,1.0,0.6,0.7499999999999999,Valmod,0,0.47701311111450195
680,ses,0.28,0,1.0,0.6,0.7499999999999999,Valmod,0,0.47701311111450195
681,ses,0.29,0,1.0,0.6,0.7499999999999999,Valmod,0,0.47701311111450195
682,ses,0.3,0,1.0,0.6,0.7499999999999999,Valmod,0,0.47701311111450195
683,ses,0.31,0,1.0,0.6,0.7499999999999999,Valmod,0,0.47701311111450195
684,ses,0.32,0,1.0,0.6,0.7499999999999999,Valmod,0,0.47701311111450195
685,ses,0.33,0,1.0,0.6,0.7499999999999999,Valmod,0,0.47701311111450195
686,ses,0.34,0,1.0,0.6,0.7499999999999999,Valmod,0,0.47701311111450195
687,ses,0.35000000000000003,0,1.0,0.6,0.7499999999999999,Valmod,0,0.47701311111450195
688,ses,0.36,0,1.0,0.6,0.7499999999999999,Valmod,0,0.47701311111450195
689,ses,0.37,0,1.0,0.6,0.7499999999999999,Valmod,0,0.47701311111450195
690,ses,0.38,0,1.0,0.6,0.7499999999999999,Valmod,0,0.47701311111450195
691,ses,0.39,0,1.0,0.6,0.7499999999999999,Valmod,0,0.47701311111450195
692,ses,0.4,0,1.0,0.6,0.7499999999999999,Valmod,0,0.47701311111450195
693,ses,0.41000000000000003,0,1.0,0.6,0.7499999999999999,Valmod,0,0.47701311111450195
694,ses,0.42,0,1.0,0.6,0.7499999999999999,Valmod,0,0.47701311111450195
695,ses,0.43,0,1.0,0.6,0.7499999999999999,Valmod,0,0.47701311111450195
696,ses,0.44,0,1.0,0.6,0.7499999999999999,Valmod,0,0.47701311111450195
697,ses,0.45,0,1.0,0.6,0.7499999999999999,Valmod,0,0.47701311111450195
698,ses,0.46,0,1.0,0.6,0.7499999999999999,Valmod,0,0.47701311111450195
699,ses,0.47000000000000003,0,1.0,0.6,0.7499999999999999,Valmod,0,0.47701311111450195
700,ses,0.48,0,1.0,0.6,0.7499999999999999,Valmod,0,0.47701311111450195
701,ses,0.49,0,1.0,0.6,0.7499999999999999,Valmod,0,0.47701311111450195
702,ses,0.5,0,1.0,0.6,0.7499999999999999,Valmod,0,0.47701311111450195
703,ses,0.51,0,1.0,0.6,0.7499999999999999,Valmod,0,0.47701311111450195
704,ses,0.52,0,1.0,0.6,0.7499999999999999,Valmod,0,0.47701311111450195
705,ses,0.53,0,1.0,0.6,0.7499999999999999,Valmod,0,0.47701311111450195
706,ses,0.54,0,1.0,0.6,0.7499999999999999,Valmod,0,0.47701311111450195
707,ses,0.55,0,1.0,0.6,0.7499999999999999,Valmod,0,0.47701311111450195
708,ses,0.56,0,1.0,0.6,0.7499999999999999,Valmod,0,0.47701311111450195
709,ses,0.5700000000000001,0,1.0,0.6,0.7499999999999999,Valmod,0,0.47701311111450195
710,ses,0.58,0,1.0,0.6,0.7499999999999999,Valmod,0,0.47701311111450195
711,ses,0.59,0,1.0,0.6,0.7499999999999999,Valmod,0,0.47701311111450195
712,ses,0.6,0,1.0,0.6,0.7499999999999999,Valmod,0,0.47701311111450195
713,ses,0.61,0,1.0,0.6,0.7499999999999999,Valmod,0,0.47701311111450195
714,ses,0.62,0,1.0,0.6,0.7499999999999999,Valmod,0,0.47701311111450195
715,ses,0.63,0,1.0,0.6,0.7499999999999999,Valmod,0,0.47701311111450195
716,ses,0.64,0,1.0,0.6,0.7499999999999999,Valmod,0,0.47701311111450195
717,ses,0.65,0,1.0,0.6,0.7499999999999999,Valmod,0,0.47701311111450195
718,ses,0.66,0,1.0,0.4,0.5714285714285715,Valmod,0,0.47701311111450195
719,ses,0.67,0,1.0,0.4,0.5714285714285715,Valmod,0,0.47701311111450195
720,ses,0.68,0,1.0,0.4,0.5714285714285715,Valmod,0,0.47701311111450195
721,ses,0.6900000000000001,2,0.2962962962962963,0.7,0.41635687732342,Valmod,0,0.47119903564453125
722,ses,0.7000000000000001,2,0.2962962962962963,0.7,0.41635687732342,Valmod,0,0.47119903564453125
723,ses,0.71,2,0.2962962962962963,0.7,0.41635687732342,Valmod,0,0.47119903564453125
724,ses,0.72,1,0.4,0.4,0.4000000000000001,Valmod,0,0.440521240234375
725,ses,0.73,1,0.4,0.4,0.4000000000000001,Valmod,0,0.440521240234375
726,ses,0.74,1,0.36,0.4,0.3789473684210526,Valmod,0,0.440521240234375
727,ses,0.75,2,0.25925925925925924,0.6,0.3620689655172414,Valmod,0,0.47119903564453125
728,ses,0.76,2,0.25925925925925924,0.6,0.3620689655172414,Valmod,0,0.47119903564453125
729,ses,0.77,2,0.25925925925925924,0.6,0.3620689655172414,Valmod,0,0.47119903564453125
730,ses,0.78,0,1.0,0.2,0.33333333333333337,Valmod,0,0.47701311111450195
731,ses,0.79,0,1.0,0.2,0.33333333333333337,Valmod,0,0.47701311111450195
732,ses,0.8,2,0.25925925925925924,0.2,0.22580645161290322,Valmod,0,0.47119903564453125
733,ses,0.81,2,0.2222222222222222,0.2,0.2105263157894737,Valmod,0,0.47119903564453125
734,ses,0.8200000000000001,2,0.2222222222222222,0.2,0.2105263157894737,Valmod,0,0.47119903564453125
735,ses,0.8300000000000001,2,0.18518518518518517,0.2,0.1923076923076923,Valmod,0,0.47119903564453125
736,ses,0.84,2,0.18518518518518517,0.2,0.1923076923076923,Valmod,0,0.47119903564453125
737,ses,0.85,2,0.14814814814814814,0.2,0.1702127659574468,Valmod,0,0.47119903564453125
738,ses,0.86,2,0.14814814814814814,0.2,0.1702127659574468,Valmod,0,0.47119903564453125
739,ses,0.87,2,0.14814814814814814,0.2,0.1702127659574468,Valmod,0,0.47119903564453125
740,ses,0.88,2,0.14814814814814814,0.2,0.1702127659574468,Valmod,0,0.47119903564453125
741,ses,0.89,2,0.07407407407407407,0.2,0.10810810810810811,Valmod,0,0.47119903564453125
742,ses,0.9,2,0.07407407407407407,0.2,0.10810810810810811,Valmod,0,0.47119903564453125
743,ses,0.91,2,0.07407407407407407,0.2,0.10810810810810811,Valmod,0,0.47119903564453125
744,ses,0.92,2,0.07407407407407407,0.2,0.10810810810810811,Valmod,0,0.47119903564453125
745,ses,0.93,2,0.07407407407407407,0.2,0.10810810810810811,Valmod,0,0.47119903564453125
746,ses,0.9400000000000001,2,0.07407407407407407,0.2,0.10810810810810811,Valmod,0,0.47119903564453125
747,ses,0.9500000000000001,2,0.07407407407407407,0.2,0.10810810810810811,Valmod,0,0.47119903564453125
748,ses,0.96,2,0.07407407407407407,0.2,0.10810810810810811,Valmod,0,0.47119903564453125
749,ses,0.97,2,0.07407407407407407,0.2,0.10810810810810811,Valmod,0,0.47119903564453125
750,ses,0.98,2,0.07407407407407407,0.2,0.10810810810810811,Valmod,0,0.47119903564453125
751,ses,0.99,2,0.07407407407407407,0.2,0.10810810810810811,Valmod,0,0.47119903564453125
752,ses,1.0,2,0.07407407407407407,0.2,0.10810810810810811,Valmod,0,0.47119903564453125
753,ses_auc,,0,0.9009900990099007,0.4257425742574265,0.5433757661480435,Valmod,0,0.47701311111450195
754,es,0.0,0,0.6,0.6,0.6,Valmod,0,0.47701311111450195
755,es,0.01,0,0.6,0.6,0.6,Valmod,0,0.47701311111450195
756,es,0.02,0,0.6,0.6,0.6,Valmod,0,0.47701311111450195
757,es,0.03,0,0.6,0.6,0.6,Valmod,0,0.47701311111450195
758,es,0.04,0,0.6,0.6,0.6,Valmod,0,0.47701311111450195
759,es,0.05,0,0.6,0.6,0.6,Valmod,0,0.47701311111450195
760,es,0.06,0,0.6,0.6,0.6,Valmod,0,0.47701311111450195
761,es,0.07,0,0.6,0.6,0.6,Valmod,0,0.47701311111450195
762,es,0.08,0,0.6,0.6,0.6,Valmod,0,0.47701311111450195
763,es,0.09,0,0.6,0.6,0.6,Valmod,0,0.47701311111450195
764,es,0.1,0,0.6,0.6,0.6,Valmod,0,0.47701311111450195
765,es,0.11,0,0.6,0.6,0.6,Valmod,0,0.47701311111450195
766,es,0.12,0,0.6,0.6,0.6,Valmod,0,0.47701311111450195
767,es,0.13,0,0.6,0.6,0.6,Valmod,0,0.47701311111450195
768,es,0.14,0,0.6,0.6,0.6,Valmod,0,0.47701311111450195
769,es,0.15,0,0.6,0.6,0.6,Valmod,0,0.47701311111450195
770,es,0.16,0,0.6,0.6,0.6,Valmod,0,0.47701311111450195
771,es,0.17,0,0.6,0.6,0.6,Valmod,0,0.47701311111450195
772,es,0.18,0,0.6,0.6,0.6,Valmod,0,0.47701311111450195
773,es,0.19,0,0.6,0.6,0.6,Valmod,0,0.47701311111450195
774,es,0.2,0,0.6,0.6,0.6,Valmod,0,0.47701311111450195
775,es,0.21,0,0.6,0.6,0.6,Valmod,0,0.47701311111450195
776,es,0.22,0,0.6,0.6,0.6,Valmod,0,0.47701311111450195
777,es,0.23,0,0.6,0.6,0.6,Valmod,0,0.47701311111450195
778,es,0.24,0,0.6,0.6,0.6,Valmod,0,0.47701311111450195
779,es,0.25,0,0.6,0.6,0.6,Valmod,0,0.47701311111450195
780,es,0.26,0,0.6,0.6,0.6,Valmod,0,0.47701311111450195
781,es,0.27,0,0.6,0.6,0.6,Valmod,0,0.47701311111450195
782,es,0.28,0,0.6,0.6,0.6,Valmod,0,0.47701311111450195
783,es,0.29,0,0.6,0.6,0.6,Valmod,0,0.47701311111450195
784,es,0.3,0,0.6,0.6,0.6,Valmod,0,0.47701311111450195
785,es,0.31,0,0.6,0.6,0.6,Valmod,0,0.47701311111450195
786,es,0.32,0,0.6,0.6,0.6,Valmod,0,0.47701311111450195
787,es,0.33,0,0.6,0.6,0.6,Valmod,0,0.47701311111450195
788,es,0.34,0,0.6,0.6,0.6,Valmod,0,0.47701311111450195
789,es,0.35000000000000003,0,0.6,0.6,0.6,Valmod,0,0.47701311111450195
790,es,0.36,0,0.6,0.6,0.6,Valmod,0,0.47701311111450195
791,es,0.37,0,0.6,0.6,0.6,Valmod,0,0.47701311111450195
792,es,0.38,0,0.6,0.6,0.6,Valmod,0,0.47701311111450195
793,es,0.39,0,0.6,0.6,0.6,Valmod,0,0.47701311111450195
794,es,0.4,0,0.6,0.6,0.6,Valmod,0,0.47701311111450195
795,es,0.41000000000000003,0,0.6,0.6,0.6,Valmod,0,0.47701311111450195
796,es,0.42,0,0.6,0.6,0.6,Valmod,0,0.47701311111450195
797,es,0.43,0,0.6,0.6,0.6,Valmod,0,0.47701311111450195
798,es,0.44,0,0.6,0.6,0.6,Valmod,0,0.47701311111450195
799,es,0.45,0,0.6,0.6,0.6,Valmod,0,0.47701311111450195
800,es,0.46,0,0.6,0.6,0.6,Valmod,0,0.47701311111450195
801,es,0.47000000000000003,0,0.6,0.6,0.6,Valmod,0,0.47701311111450195
802,es,0.48,0,0.6,0.6,0.6,Valmod,0,0.47701311111450195
803,es,0.49,0,0.6,0.6,0.6,Valmod,0,0.47701311111450195
804,es,0.5,0,0.6,0.6,0.6,Valmod,0,0.47701311111450195
805,es,0.51,0,0.6,0.6,0.6,Valmod,0,0.47701311111450195
806,es,0.52,0,0.6,0.6,0.6,Valmod,0,0.47701311111450195
807,es,0.53,0,0.6,0.6,0.6,Valmod,0,0.47701311111450195
808,es,0.54,0,0.6,0.6,0.6,Valmod,0,0.47701311111450195
809,es,0.55,0,0.6,0.6,0.6,Valmod,0,0.47701311111450195
810,es,0.56,0,0.6,0.6,0.6,Valmod,0,0.47701311111450195
811,es,0.5700000000000001,0,0.6,0.6,0.6,Valmod,0,0.47701311111450195
812,es,0.58,0,0.6,0.6,0.6,Valmod,0,0.47701311111450195
813,es,0.59,0,0.6,0.6,0.6,Valmod,0,0.47701311111450195
814,es,0.6,0,0.6,0.6,0.6,Valmod,0,0.47701311111450195
815,es,0.61,0,0.6,0.6,0.6,Valmod,0,0.47701311111450195
816,es,0.62,0,0.6,0.6,0.6,Valmod,0,0.47701311111450195
817,es,0.63,0,0.6,0.6,0.6,Valmod,0,0.47701311111450195
818,es,0.64,0,0.6,0.6,0.6,Valmod,0,0.47701311111450195
819,es,0.65,0,0.6,0.6,0.6,Valmod,0,0.47701311111450195
820,es,0.66,0,0.6,0.4,0.4,Valmod,0,0.47701311111450195
821,es,0.67,0,0.6,0.4,0.4,Valmod,0,0.47701311111450195
822,es,0.68,0,0.6,0.4,0.4,Valmod,0,0.47701311111450195
823,es,0.6900000000000001,0,0.6,0.2,0.2,Valmod,0,0.47701311111450195
824,es,0.7000000000000001,0,0.6,0.2,0.2,Valmod,0,0.47701311111450195
825,es,0.71,0,0.6,0.2,0.2,Valmod,0,0.47701311111450195
826,es,0.72,0,0.6,0.2,0.2,Valmod,0,0.47701311111450195
827,es,0.73,0,0.6,0.2,0.2,Valmod,0,0.47701311111450195
828,es,0.74,0,0.6,0.2,0.2,Valmod,0,0.47701311111450195
829,es,0.75,0,0.6,0.2,0.2,Valmod,0,0.47701311111450195
830,es,0.76,0,0.6,0.2,0.2,Valmod,0,0.47701311111450195
831,es,0.77,0,0.6,0.2,0.2,Valmod,0,0.47701311111450195
832,es,0.78,0,0.6,0.2,0.2,Valmod,0,0.47701311111450195
833,es,0.79,0,0.6,0.2,0.2,Valmod,0,0.47701311111450195
834,es,0.8,0,0.6,0.0,0.0,Valmod,0,0.47701311111450195
835,es,0.81,0,0.6,0.0,0.0,Valmod,0,0.47701311111450195
836,es,0.8200000000000001,0,0.6,0.0,0.0,Valmod,0,0.47701311111450195
837,es,0.8300000000000001,0,0.6,0.0,0.0,Valmod,0,0.47701311111450195
838,es,0.84,0,0.6,0.0,0.0,Valmod,0,0.47701311111450195
839,es,0.85,0,0.6,0.0,0.0,Valmod,0,0.47701311111450195
840,es,0.86,0,0.4,0.0,0.0,Valmod,0,0.47701311111450195
841,es,0.87,0,0.4,0.0,0.0,Valmod,0,0.47701311111450195
842,es,0.88,0,0.4,0.0,0.0,Valmod,0,0.47701311111450195
843,es,0.89,0,0.2,0.0,0.0,Valmod,0,0.47701311111450195
844,es,0.9,0,0.2,0.0,0.0,Valmod,0,0.47701311111450195
845,es,0.91,0,0.2,0.0,0.0,Valmod,0,0.47701311111450195
846,es,0.92,0,0.2,0.0,0.0,Valmod,0,0.47701311111450195
847,es,0.93,0,0.2,0.0,0.0,Valmod,0,0.47701311111450195
848,es,0.9400000000000001,0,0.2,0.0,0.0,Valmod,0,0.47701311111450195
849,es,0.9500000000000001,0,0.2,0.0,0.0,Valmod,0,0.47701311111450195
850,es,0.96,0,0.2,0.0,0.0,Valmod,0,0.47701311111450195
851,es,0.97,0,0.2,0.0,0.0,Valmod,0,0.47701311111450195
852,es,0.98,0,0.0,0.0,0.0,Valmod,0,0.47701311111450195
853,es,0.99,0,0.0,0.0,0.0,Valmod,0,0.47701311111450195
854,es,1.0,0,0.0,0.0,0.0,Valmod,0,0.47701311111450195
855,es_auc,,0,0.5405940594059416,0.4257425742574265,0.4257425742574265,Valmod,0,0.47701311111450195
